name,email,password,role
User1,user1@test.com,password123,user
User2,user2@test.com,password123,user
User3,user3@test.com,password123,user
User4,user4@test.com,password123,user
User5,user5@test.com,password123,user
User6,user6@test.com,password123,user
User7,user7@test.com,password123,user
User8,user8@test.com,password123,user
User9,user9@test.com,password123,user
User10,user10@test.com,password123,user
User11,user11@test.com,password123,user
User12,user12@test.com,password123,user
User13,user13@test.com,password123,user
User14,user14@test.com,password123,user
User15,user15@test.com,password123,user
User16,user16@test.com,password123,user
User17,user17@test.com,password123,user
User18,user18@test.com,password123,user
User19,user19@test.com,password123,user
User20,user20@test.com,password123,user
User21,user21@test.com,password123,user
User22,user22@test.com,password123,user
User23,user23@test.com,password123,user
User24,user24@test.com,password123,user
User25,user25@test.com,password123,user
User26,user26@test.com,password123,user
User27,user27@test.com,password123,user
User28,user28@test.com,password123,user
User29,user29@test.com,password123,user
User30,user30@test.com,password123,user
User31,user31@test.com,password123,user
User32,user32@test.com,password123,user
User33,user33@test.com,password123,user
User34,user34@test.com,password123,user
User35,user35@test.com,password123,user
User36,user36@test.com,password123,user
User37,user37@test.com,password123,user
User38,user38@test.com,password123,user
User39,user39@test.com,password123,user
User40,user40@test.com,password123,user
User41,user41@test.com,password123,user
User42,user42@test.com,password123,user
User43,user43@test.com,password123,user
User44,user44@test.com,password123,user
User45,user45@test.com,password123,user
User46,user46@test.com,password123,user
User47,user47@test.com,password123,user
User48,user48@test.com,password123,user
User49,user49@test.com,password123,user
User50,user50@test.com,password123,user
User51,user51@test.com,password123,user
User52,user52@test.com,password123,user
User53,user53@test.com,password123,user
User54,user54@test.com,password123,user
User55,user55@test.com,password123,user
User56,user56@test.com,password123,user
User57,user57@test.com,password123,user
User58,user58@test.com,password123,user
User59,user59@test.com,password123,user
User60,user60@test.com,password123,user
User61,user61@test.com,password123,user
User62,user62@test.com,password123,user
User63,user63@test.com,password123,user
User64,user64@test.com,password123,user
User65,user65@test.com,password123,user
User66,user66@test.com,password123,user
User67,user67@test.com,password123,user
User68,user68@test.com,password123,user
User69,user69@test.com,password123,user
User70,user70@test.com,password123,user
User71,user71@test.com,password123,user
User72,user72@test.com,password123,user
User73,user73@test.com,password123,user
User74,user74@test.com,password123,user
User75,user75@test.com,password123,user
User76,user76@test.com,password123,user
User77,user77@test.com,password123,user
User78,user78@test.com,password123,user
User79,user79@test.com,password123,user
User80,user80@test.com,password123,user
User81,user81@test.com,password123,user
User82,user82@test.com,password123,user
User83,user83@test.com,password123,user
User84,user84@test.com,password123,user
User85,user85@test.com,password123,user
User86,user86@test.com,password123,user
User87,user87@test.com,password123,user
User88,user88@test.com,password123,user
User89,user89@test.com,password123,user
User90,user90@test.com,password123,user
User91,user91@test.com,password123,user
User92,user92@test.com,password123,user
User93,user93@test.com,password123,user
User94,user94@test.com,password123,user
User95,user95@test.com,password123,user
User96,user96@test.com,password123,user
User97,user97@test.com,password123,user
User98,user98@test.com,password123,user
User99,user99@test.com,password123,user
User100,user100@test.com,password123,user
User101,user101@test.com,password123,user
User102,user102@test.com,password123,user
User103,user103@test.com,password123,user
User104,user104@test.com,password123,user
User105,user105@test.com,password123,user
User106,user106@test.com,password123,user
User107,user107@test.com,password123,user
User108,user108@test.com,password123,user
User109,user109@test.com,password123,user
User110,user110@test.com,password123,user
User111,user111@test.com,password123,user
User112,user112@test.com,password123,user
User113,user113@test.com,password123,user
User114,user114@test.com,password123,user
User115,user115@test.com,password123,user
User116,user116@test.com,password123,user
User117,user117@test.com,password123,user
User118,user118@test.com,password123,user
User119,user119@test.com,password123,user
User120,user120@test.com,password123,user
User121,user121@test.com,password123,user
User122,user122@test.com,password123,user
User123,user123@test.com,password123,user
User124,user124@test.com,password123,user
User125,user125@test.com,password123,user
User126,user126@test.com,password123,user
User127,user127@test.com,password123,user
User128,user128@test.com,password123,user
User129,user129@test.com,password123,user
User130,user130@test.com,password123,user
User131,user131@test.com,password123,user
User132,user132@test.com,password123,user
User133,user133@test.com,password123,user
User134,user134@test.com,password123,user
User135,user135@test.com,password123,user
User136,user136@test.com,password123,user
User137,user137@test.com,password123,user
User138,user138@test.com,password123,user
User139,user139@test.com,password123,user
User140,user140@test.com,password123,user
User141,user141@test.com,password123,user
User142,user142@test.com,password123,user
User143,user143@test.com,password123,user
User144,user144@test.com,password123,user
User145,user145@test.com,password123,user
User146,user146@test.com,password123,user
User147,user147@test.com,password123,user
User148,user148@test.com,password123,user
User149,user149@test.com,password123,user
User150,user150@test.com,password123,user
User151,user151@test.com,password123,user
User152,user152@test.com,password123,user
User153,user153@test.com,password123,user
User154,user154@test.com,password123,user
User155,user155@test.com,password123,user
User156,user156@test.com,password123,user
User157,user157@test.com,password123,user
User158,user158@test.com,password123,user
User159,user159@test.com,password123,user
User160,user160@test.com,password123,user
User161,user161@test.com,password123,user
User162,user162@test.com,password123,user
User163,user163@test.com,password123,user
User164,user164@test.com,password123,user
User165,user165@test.com,password123,user
User166,user166@test.com,password123,user
User167,user167@test.com,password123,user
User168,user168@test.com,password123,user
User169,user169@test.com,password123,user
User170,user170@test.com,password123,user
User171,user171@test.com,password123,user
User172,user172@test.com,password123,user
User173,user173@test.com,password123,user
User174,user174@test.com,password123,user
User175,user175@test.com,password123,user
User176,user176@test.com,password123,user
User177,user177@test.com,password123,user
User178,user178@test.com,password123,user
User179,user179@test.com,password123,user
User180,user180@test.com,password123,user
User181,user181@test.com,password123,user
User182,user182@test.com,password123,user
User183,user183@test.com,password123,user
User184,user184@test.com,password123,user
User185,user185@test.com,password123,user
User186,user186@test.com,password123,user
User187,user187@test.com,password123,user
User188,user188@test.com,password123,user
User189,user189@test.com,password123,user
User190,user190@test.com,password123,user
User191,user191@test.com,password123,user
User192,user192@test.com,password123,user
User193,user193@test.com,password123,user
User194,user194@test.com,password123,user
User195,user195@test.com,password123,user
User196,user196@test.com,password123,user
User197,user197@test.com,password123,user
User198,user198@test.com,password123,user
User199,user199@test.com,password123,user
User200,user200@test.com,password123,user
User201,user201@test.com,password123,user
User202,user202@test.com,password123,user
User203,user203@test.com,password123,user
User204,user204@test.com,password123,user
User205,user205@test.com,password123,user
User206,user206@test.com,password123,user
User207,user207@test.com,password123,user
User208,user208@test.com,password123,user
User209,user209@test.com,password123,user
User210,user210@test.com,password123,user
User211,user211@test.com,password123,user
User212,user212@test.com,password123,user
User213,user213@test.com,password123,user
User214,user214@test.com,password123,user
User215,user215@test.com,password123,user
User216,user216@test.com,password123,user
User217,user217@test.com,password123,user
User218,user218@test.com,password123,user
User219,user219@test.com,password123,user
User220,user220@test.com,password123,user
User221,user221@test.com,password123,user
User222,user222@test.com,password123,user
User223,user223@test.com,password123,user
User224,user224@test.com,password123,user
User225,user225@test.com,password123,user
User226,user226@test.com,password123,user
User227,user227@test.com,password123,user
User228,user228@test.com,password123,user
User229,user229@test.com,password123,user
User230,user230@test.com,password123,user
User231,user231@test.com,password123,user
User232,user232@test.com,password123,user
User233,user233@test.com,password123,user
User234,user234@test.com,password123,user
User235,user235@test.com,password123,user
User236,user236@test.com,password123,user
User237,user237@test.com,password123,user
User238,user238@test.com,password123,user
User239,user239@test.com,password123,user
User240,user240@test.com,password123,user
User241,user241@test.com,password123,user
User242,user242@test.com,password123,user
User243,user243@test.com,password123,user
User244,user244@test.com,password123,user
User245,user245@test.com,password123,user
User246,user246@test.com,password123,user
User247,user247@test.com,password123,user
User248,user248@test.com,password123,user
User249,user249@test.com,password123,user
User250,user250@test.com,password123,user
User251,user251@test.com,password123,user
User252,user252@test.com,password123,user
User253,user253@test.com,password123,user
User254,user254@test.com,password123,user
User255,user255@test.com,password123,user
User256,user256@test.com,password123,user
User257,user257@test.com,password123,user
User258,user258@test.com,password123,user
User259,user259@test.com,password123,user
User260,user260@test.com,password123,user
User261,user261@test.com,password123,user
User262,user262@test.com,password123,user
User263,user263@test.com,password123,user
User264,user264@test.com,password123,user
User265,user265@test.com,password123,user
User266,user266@test.com,password123,user
User267,user267@test.com,password123,user
User268,user268@test.com,password123,user
User269,user269@test.com,password123,user
User270,user270@test.com,password123,user
User271,user271@test.com,password123,user
User272,user272@test.com,password123,user
User273,user273@test.com,password123,user
User274,user274@test.com,password123,user
User275,user275@test.com,password123,user
User276,user276@test.com,password123,user
User277,user277@test.com,password123,user
User278,user278@test.com,password123,user
User279,user279@test.com,password123,user
User280,user280@test.com,password123,user
User281,user281@test.com,password123,user
User282,user282@test.com,password123,user
User283,user283@test.com,password123,user
User284,user284@test.com,password123,user
User285,user285@test.com,password123,user
User286,user286@test.com,password123,user
User287,user287@test.com,password123,user
User288,user288@test.com,password123,user
User289,user289@test.com,password123,user
User290,user290@test.com,password123,user
User291,user291@test.com,password123,user
User292,user292@test.com,password123,user
User293,user293@test.com,password123,user
User294,user294@test.com,password123,user
User295,user295@test.com,password123,user
User296,user296@test.com,password123,user
User297,user297@test.com,password123,user
User298,user298@test.com,password123,user
User299,user299@test.com,password123,user
User300,user300@test.com,password123,user
User301,user301@test.com,password123,user
User302,user302@test.com,password123,user
User303,user303@test.com,password123,user
User304,user304@test.com,password123,user
User305,user305@test.com,password123,user
User306,user306@test.com,password123,user
User307,user307@test.com,password123,user
User308,user308@test.com,password123,user
User309,user309@test.com,password123,user
User310,user310@test.com,password123,user
User311,user311@test.com,password123,user
User312,user312@test.com,password123,user
User313,user313@test.com,password123,user
User314,user314@test.com,password123,user
User315,user315@test.com,password123,user
User316,user316@test.com,password123,user
User317,user317@test.com,password123,user
User318,user318@test.com,password123,user
User319,user319@test.com,password123,user
User320,user320@test.com,password123,user
User321,user321@test.com,password123,user
User322,user322@test.com,password123,user
User323,user323@test.com,password123,user
User324,user324@test.com,password123,user
User325,user325@test.com,password123,user
User326,user326@test.com,password123,user
User327,user327@test.com,password123,user
User328,user328@test.com,password123,user
User329,user329@test.com,password123,user
User330,user330@test.com,password123,user
User331,user331@test.com,password123,user
User332,user332@test.com,password123,user
User333,user333@test.com,password123,user
User334,user334@test.com,password123,user
User335,user335@test.com,password123,user
User336,user336@test.com,password123,user
User337,user337@test.com,password123,user
User338,user338@test.com,password123,user
User339,user339@test.com,password123,user
User340,user340@test.com,password123,user
User341,user341@test.com,password123,user
User342,user342@test.com,password123,user
User343,user343@test.com,password123,user
User344,user344@test.com,password123,user
User345,user345@test.com,password123,user
User346,user346@test.com,password123,user
User347,user347@test.com,password123,user
User348,user348@test.com,password123,user
User349,user349@test.com,password123,user
User350,user350@test.com,password123,user
User351,user351@test.com,password123,user
User352,user352@test.com,password123,user
User353,user353@test.com,password123,user
User354,user354@test.com,password123,user
User355,user355@test.com,password123,user
User356,user356@test.com,password123,user
User357,user357@test.com,password123,user
User358,user358@test.com,password123,user
User359,user359@test.com,password123,user
User360,user360@test.com,password123,user
User361,user361@test.com,password123,user
User362,user362@test.com,password123,user
User363,user363@test.com,password123,user
User364,user364@test.com,password123,user
User365,user365@test.com,password123,user
User366,user366@test.com,password123,user
User367,user367@test.com,password123,user
User368,user368@test.com,password123,user
User369,user369@test.com,password123,user
User370,user370@test.com,password123,user
User371,user371@test.com,password123,user
User372,user372@test.com,password123,user
User373,user373@test.com,password123,user
User374,user374@test.com,password123,user
User375,user375@test.com,password123,user
User376,user376@test.com,password123,user
User377,user377@test.com,password123,user
User378,user378@test.com,password123,user
User379,user379@test.com,password123,user
User380,user380@test.com,password123,user
User381,user381@test.com,password123,user
User382,user382@test.com,password123,user
User383,user383@test.com,password123,user
User384,user384@test.com,password123,user
User385,user385@test.com,password123,user
User386,user386@test.com,password123,user
User387,user387@test.com,password123,user
User388,user388@test.com,password123,user
User389,user389@test.com,password123,user
User390,user390@test.com,password123,user
User391,user391@test.com,password123,user
User392,user392@test.com,password123,user
User393,user393@test.com,password123,user
User394,user394@test.com,password123,user
User395,user395@test.com,password123,user
User396,user396@test.com,password123,user
User397,user397@test.com,password123,user
User398,user398@test.com,password123,user
User399,user399@test.com,password123,user
User400,user400@test.com,password123,user
User401,user401@test.com,password123,user
User402,user402@test.com,password123,user
User403,user403@test.com,password123,user
User404,user404@test.com,password123,user
User405,user405@test.com,password123,user
User406,user406@test.com,password123,user
User407,user407@test.com,password123,user
User408,user408@test.com,password123,user
User409,user409@test.com,password123,user
User410,user410@test.com,password123,user
User411,user411@test.com,password123,user
User412,user412@test.com,password123,user
User413,user413@test.com,password123,user
User414,user414@test.com,password123,user
User415,user415@test.com,password123,user
User416,user416@test.com,password123,user
User417,user417@test.com,password123,user
User418,user418@test.com,password123,user
User419,user419@test.com,password123,user
User420,user420@test.com,password123,user
User421,user421@test.com,password123,user
User422,user422@test.com,password123,user
User423,user423@test.com,password123,user
User424,user424@test.com,password123,user
User425,user425@test.com,password123,user
User426,user426@test.com,password123,user
User427,user427@test.com,password123,user
User428,user428@test.com,password123,user
User429,user429@test.com,password123,user
User430,user430@test.com,password123,user
User431,user431@test.com,password123,user
User432,user432@test.com,password123,user
User433,user433@test.com,password123,user
User434,user434@test.com,password123,user
User435,user435@test.com,password123,user
User436,user436@test.com,password123,user
User437,user437@test.com,password123,user
User438,user438@test.com,password123,user
User439,user439@test.com,password123,user
User440,user440@test.com,password123,user
User441,user441@test.com,password123,user
User442,user442@test.com,password123,user
User443,user443@test.com,password123,user
User444,user444@test.com,password123,user
User445,user445@test.com,password123,user
User446,user446@test.com,password123,user
User447,user447@test.com,password123,user
User448,user448@test.com,password123,user
User449,user449@test.com,password123,user
User450,user450@test.com,password123,user
User451,user451@test.com,password123,user
User452,user452@test.com,password123,user
User453,user453@test.com,password123,user
User454,user454@test.com,password123,user
User455,user455@test.com,password123,user
User456,user456@test.com,password123,user
User457,user457@test.com,password123,user
User458,user458@test.com,password123,user
User459,user459@test.com,password123,user
User460,user460@test.com,password123,user
User461,user461@test.com,password123,user
User462,user462@test.com,password123,user
User463,user463@test.com,password123,user
User464,user464@test.com,password123,user
User465,user465@test.com,password123,user
User466,user466@test.com,password123,user
User467,user467@test.com,password123,user
User468,user468@test.com,password123,user
User469,user469@test.com,password123,user
User470,user470@test.com,password123,user
User471,user471@test.com,password123,user
User472,user472@test.com,password123,user
User473,user473@test.com,password123,user
User474,user474@test.com,password123,user
User475,user475@test.com,password123,user
User476,user476@test.com,password123,user
User477,user477@test.com,password123,user
User478,user478@test.com,password123,user
User479,user479@test.com,password123,user
User480,user480@test.com,password123,user
User481,user481@test.com,password123,user
User482,user482@test.com,password123,user
User483,user483@test.com,password123,user
User484,user484@test.com,password123,user
User485,user485@test.com,password123,user
User486,user486@test.com,password123,user
User487,user487@test.com,password123,user
User488,user488@test.com,password123,user
User489,user489@test.com,password123,user
User490,user490@test.com,password123,user
User491,user491@test.com,password123,user
User492,user492@test.com,password123,user
User493,user493@test.com,password123,user
User494,user494@test.com,password123,user
User495,user495@test.com,password123,user
User496,user496@test.com,password123,user
User497,user497@test.com,password123,user
User498,user498@test.com,password123,user
User499,user499@test.com,password123,user
User500,user500@test.com,password123,user
User501,user501@test.com,password123,user
User502,user502@test.com,password123,user
User503,user503@test.com,password123,user
User504,user504@test.com,password123,user
User505,user505@test.com,password123,user
User506,user506@test.com,password123,user
User507,user507@test.com,password123,user
User508,user508@test.com,password123,user
User509,user509@test.com,password123,user
User510,user510@test.com,password123,user
User511,user511@test.com,password123,user
User512,user512@test.com,password123,user
User513,user513@test.com,password123,user
User514,user514@test.com,password123,user
User515,user515@test.com,password123,user
User516,user516@test.com,password123,user
User517,user517@test.com,password123,user
User518,user518@test.com,password123,user
User519,user519@test.com,password123,user
User520,user520@test.com,password123,user
User521,user521@test.com,password123,user
User522,user522@test.com,password123,user
User523,user523@test.com,password123,user
User524,user524@test.com,password123,user
User525,user525@test.com,password123,user
User526,user526@test.com,password123,user
User527,user527@test.com,password123,user
User528,user528@test.com,password123,user
User529,user529@test.com,password123,user
User530,user530@test.com,password123,user
User531,user531@test.com,password123,user
User532,user532@test.com,password123,user
User533,user533@test.com,password123,user
User534,user534@test.com,password123,user
User535,user535@test.com,password123,user
User536,user536@test.com,password123,user
User537,user537@test.com,password123,user
User538,user538@test.com,password123,user
User539,user539@test.com,password123,user
User540,user540@test.com,password123,user
User541,user541@test.com,password123,user
User542,user542@test.com,password123,user
User543,user543@test.com,password123,user
User544,user544@test.com,password123,user
User545,user545@test.com,password123,user
User546,user546@test.com,password123,user
User547,user547@test.com,password123,user
User548,user548@test.com,password123,user
User549,user549@test.com,password123,user
User550,user550@test.com,password123,user
User551,user551@test.com,password123,user
User552,user552@test.com,password123,user
User553,user553@test.com,password123,user
User554,user554@test.com,password123,user
User555,user555@test.com,password123,user
User556,user556@test.com,password123,user
User557,user557@test.com,password123,user
User558,user558@test.com,password123,user
User559,user559@test.com,password123,user
User560,user560@test.com,password123,user
User561,user561@test.com,password123,user
User562,user562@test.com,password123,user
User563,user563@test.com,password123,user
User564,user564@test.com,password123,user
User565,user565@test.com,password123,user
User566,user566@test.com,password123,user
User567,user567@test.com,password123,user
User568,user568@test.com,password123,user
User569,user569@test.com,password123,user
User570,user570@test.com,password123,user
User571,user571@test.com,password123,user
User572,user572@test.com,password123,user
User573,user573@test.com,password123,user
User574,user574@test.com,password123,user
User575,user575@test.com,password123,user
User576,user576@test.com,password123,user
User577,user577@test.com,password123,user
User578,user578@test.com,password123,user
User579,user579@test.com,password123,user
User580,user580@test.com,password123,user
User581,user581@test.com,password123,user
User582,user582@test.com,password123,user
User583,user583@test.com,password123,user
User584,user584@test.com,password123,user
User585,user585@test.com,password123,user
User586,user586@test.com,password123,user
User587,user587@test.com,password123,user
User588,user588@test.com,password123,user
User589,user589@test.com,password123,user
User590,user590@test.com,password123,user
User591,user591@test.com,password123,user
User592,user592@test.com,password123,user
User593,user593@test.com,password123,user
User594,user594@test.com,password123,user
User595,user595@test.com,password123,user
User596,user596@test.com,password123,user
User597,user597@test.com,password123,user
User598,user598@test.com,password123,user
User599,user599@test.com,password123,user
User600,user600@test.com,password123,user
User601,user601@test.com,password123,user
User602,user602@test.com,password123,user
User603,user603@test.com,password123,user
User604,user604@test.com,password123,user
User605,user605@test.com,password123,user
User606,user606@test.com,password123,user
User607,user607@test.com,password123,user
User608,user608@test.com,password123,user
User609,user609@test.com,password123,user
User610,user610@test.com,password123,user
User611,user611@test.com,password123,user
User612,user612@test.com,password123,user
User613,user613@test.com,password123,user
User614,user614@test.com,password123,user
User615,user615@test.com,password123,user
User616,user616@test.com,password123,user
User617,user617@test.com,password123,user
User618,user618@test.com,password123,user
User619,user619@test.com,password123,user
User620,user620@test.com,password123,user
User621,user621@test.com,password123,user
User622,user622@test.com,password123,user
User623,user623@test.com,password123,user
User624,user624@test.com,password123,user
User625,user625@test.com,password123,user
User626,user626@test.com,password123,user
User627,user627@test.com,password123,user
User628,user628@test.com,password123,user
User629,user629@test.com,password123,user
User630,user630@test.com,password123,user
User631,user631@test.com,password123,user
User632,user632@test.com,password123,user
User633,user633@test.com,password123,user
User634,user634@test.com,password123,user
User635,user635@test.com,password123,user
User636,user636@test.com,password123,user
User637,user637@test.com,password123,user
User638,user638@test.com,password123,user
User639,user639@test.com,password123,user
User640,user640@test.com,password123,user
User641,user641@test.com,password123,user
User642,user642@test.com,password123,user
User643,user643@test.com,password123,user
User644,user644@test.com,password123,user
User645,user645@test.com,password123,user
User646,user646@test.com,password123,user
User647,user647@test.com,password123,user
User648,user648@test.com,password123,user
User649,user649@test.com,password123,user
User650,user650@test.com,password123,user
User651,user651@test.com,password123,user
User652,user652@test.com,password123,user
User653,user653@test.com,password123,user
User654,user654@test.com,password123,user
User655,user655@test.com,password123,user
User656,user656@test.com,password123,user
User657,user657@test.com,password123,user
User658,user658@test.com,password123,user
User659,user659@test.com,password123,user
User660,user660@test.com,password123,user
User661,user661@test.com,password123,user
User662,user662@test.com,password123,user
User663,user663@test.com,password123,user
User664,user664@test.com,password123,user
User665,user665@test.com,password123,user
User666,user666@test.com,password123,user
User667,user667@test.com,password123,user
User668,user668@test.com,password123,user
User669,user669@test.com,password123,user
User670,user670@test.com,password123,user
User671,user671@test.com,password123,user
User672,user672@test.com,password123,user
User673,user673@test.com,password123,user
User674,user674@test.com,password123,user
User675,user675@test.com,password123,user
User676,user676@test.com,password123,user
User677,user677@test.com,password123,user
User678,user678@test.com,password123,user
User679,user679@test.com,password123,user
User680,user680@test.com,password123,user
User681,user681@test.com,password123,user
User682,user682@test.com,password123,user
User683,user683@test.com,password123,user
User684,user684@test.com,password123,user
User685,user685@test.com,password123,user
User686,user686@test.com,password123,user
User687,user687@test.com,password123,user
User688,user688@test.com,password123,user
User689,user689@test.com,password123,user
User690,user690@test.com,password123,user
User691,user691@test.com,password123,user
User692,user692@test.com,password123,user
User693,user693@test.com,password123,user
User694,user694@test.com,password123,user
User695,user695@test.com,password123,user
User696,user696@test.com,password123,user
User697,user697@test.com,password123,user
User698,user698@test.com,password123,user
User699,user699@test.com,password123,user
User700,user700@test.com,password123,user
User701,user701@test.com,password123,user
User702,user702@test.com,password123,user
User703,user703@test.com,password123,user
User704,user704@test.com,password123,user
User705,user705@test.com,password123,user
User706,user706@test.com,password123,user
User707,user707@test.com,password123,user
User708,user708@test.com,password123,user
User709,user709@test.com,password123,user
User710,user710@test.com,password123,user
User711,user711@test.com,password123,user
User712,user712@test.com,password123,user
User713,user713@test.com,password123,user
User714,user714@test.com,password123,user
User715,user715@test.com,password123,user
User716,user716@test.com,password123,user
User717,user717@test.com,password123,user
User718,user718@test.com,password123,user
User719,user719@test.com,password123,user
User720,user720@test.com,password123,user
User721,user721@test.com,password123,user
User722,user722@test.com,password123,user
User723,user723@test.com,password123,user
User724,user724@test.com,password123,user
User725,user725@test.com,password123,user
User726,user726@test.com,password123,user
User727,user727@test.com,password123,user
User728,user728@test.com,password123,user
User729,user729@test.com,password123,user
User730,user730@test.com,password123,user
User731,user731@test.com,password123,user
User732,user732@test.com,password123,user
User733,user733@test.com,password123,user
User734,user734@test.com,password123,user
User735,user735@test.com,password123,user
User736,user736@test.com,password123,user
User737,user737@test.com,password123,user
User738,user738@test.com,password123,user
User739,user739@test.com,password123,user
User740,user740@test.com,password123,user
User741,user741@test.com,password123,user
User742,user742@test.com,password123,user
User743,user743@test.com,password123,user
User744,user744@test.com,password123,user
User745,user745@test.com,password123,user
User746,user746@test.com,password123,user
User747,user747@test.com,password123,user
User748,user748@test.com,password123,user
User749,user749@test.com,password123,user
User750,user750@test.com,password123,user
User751,user751@test.com,password123,user
User752,user752@test.com,password123,user
User753,user753@test.com,password123,user
User754,user754@test.com,password123,user
User755,user755@test.com,password123,user
User756,user756@test.com,password123,user
User757,user757@test.com,password123,user
User758,user758@test.com,password123,user
User759,user759@test.com,password123,user
User760,user760@test.com,password123,user
User761,user761@test.com,password123,user
User762,user762@test.com,password123,user
User763,user763@test.com,password123,user
User764,user764@test.com,password123,user
User765,user765@test.com,password123,user
User766,user766@test.com,password123,user
User767,user767@test.com,password123,user
User768,user768@test.com,password123,user
User769,user769@test.com,password123,user
User770,user770@test.com,password123,user
User771,user771@test.com,password123,user
User772,user772@test.com,password123,user
User773,user773@test.com,password123,user
User774,user774@test.com,password123,user
User775,user775@test.com,password123,user
User776,user776@test.com,password123,user
User777,user777@test.com,password123,user
User778,user778@test.com,password123,user
User779,user779@test.com,password123,user
User780,user780@test.com,password123,user
User781,user781@test.com,password123,user
User782,user782@test.com,password123,user
User783,user783@test.com,password123,user
User784,user784@test.com,password123,user
User785,user785@test.com,password123,user
User786,user786@test.com,password123,user
User787,user787@test.com,password123,user
User788,user788@test.com,password123,user
User789,user789@test.com,password123,user
User790,user790@test.com,password123,user
User791,user791@test.com,password123,user
User792,user792@test.com,password123,user
User793,user793@test.com,password123,user
User794,user794@test.com,password123,user
User795,user795@test.com,password123,user
User796,user796@test.com,password123,user
User797,user797@test.com,password123,user
User798,user798@test.com,password123,user
User799,user799@test.com,password123,user
User800,user800@test.com,password123,user
User801,user801@test.com,password123,user
User802,user802@test.com,password123,user
User803,user803@test.com,password123,user
User804,user804@test.com,password123,user
User805,user805@test.com,password123,user
User806,user806@test.com,password123,user
User807,user807@test.com,password123,user
User808,user808@test.com,password123,user
User809,user809@test.com,password123,user
User810,user810@test.com,password123,user
User811,user811@test.com,password123,user
User812,user812@test.com,password123,user
User813,user813@test.com,password123,user
User814,user814@test.com,password123,user
User815,user815@test.com,password123,user
User816,user816@test.com,password123,user
User817,user817@test.com,password123,user
User818,user818@test.com,password123,user
User819,user819@test.com,password123,user
User820,user820@test.com,password123,user
User821,user821@test.com,password123,user
User822,user822@test.com,password123,user
User823,user823@test.com,password123,user
User824,user824@test.com,password123,user
User825,user825@test.com,password123,user
User826,user826@test.com,password123,user
User827,user827@test.com,password123,user
User828,user828@test.com,password123,user
User829,user829@test.com,password123,user
User830,user830@test.com,password123,user
User831,user831@test.com,password123,user
User832,user832@test.com,password123,user
User833,user833@test.com,password123,user
User834,user834@test.com,password123,user
User835,user835@test.com,password123,user
User836,user836@test.com,password123,user
User837,user837@test.com,password123,user
User838,user838@test.com,password123,user
User839,user839@test.com,password123,user
User840,user840@test.com,password123,user
User841,user841@test.com,password123,user
User842,user842@test.com,password123,user
User843,user843@test.com,password123,user
User844,user844@test.com,password123,user
User845,user845@test.com,password123,user
User846,user846@test.com,password123,user
User847,user847@test.com,password123,user
User848,user848@test.com,password123,user
User849,user849@test.com,password123,user
User850,user850@test.com,password123,user
User851,user851@test.com,password123,user
User852,user852@test.com,password123,user
User853,user853@test.com,password123,user
User854,user854@test.com,password123,user
User855,user855@test.com,password123,user
User856,user856@test.com,password123,user
User857,user857@test.com,password123,user
User858,user858@test.com,password123,user
User859,user859@test.com,password123,user
User860,user860@test.com,password123,user
User861,user861@test.com,password123,user
User862,user862@test.com,password123,user
User863,user863@test.com,password123,user
User864,user864@test.com,password123,user
User865,user865@test.com,password123,user
User866,user866@test.com,password123,user
User867,user867@test.com,password123,user
User868,user868@test.com,password123,user
User869,user869@test.com,password123,user
User870,user870@test.com,password123,user
User871,user871@test.com,password123,user
User872,user872@test.com,password123,user
User873,user873@test.com,password123,user
User874,user874@test.com,password123,user
User875,user875@test.com,password123,user
User876,user876@test.com,password123,user
User877,user877@test.com,password123,user
User878,user878@test.com,password123,user
User879,user879@test.com,password123,user
User880,user880@test.com,password123,user
User881,user881@test.com,password123,user
User882,user882@test.com,password123,user
User883,user883@test.com,password123,user
User884,user884@test.com,password123,user
User885,user885@test.com,password123,user
User886,user886@test.com,password123,user
User887,user887@test.com,password123,user
User888,user888@test.com,password123,user
User889,user889@test.com,password123,user
User890,user890@test.com,password123,user
User891,user891@test.com,password123,user
User892,user892@test.com,password123,user
User893,user893@test.com,password123,user
User894,user894@test.com,password123,user
User895,user895@test.com,password123,user
User896,user896@test.com,password123,user
User897,user897@test.com,password123,user
User898,user898@test.com,password123,user
User899,user899@test.com,password123,user
User900,user900@test.com,password123,user
User901,user901@test.com,password123,user
User902,user902@test.com,password123,user
User903,user903@test.com,password123,user
User904,user904@test.com,password123,user
User905,user905@test.com,password123,user
User906,user906@test.com,password123,user
User907,user907@test.com,password123,user
User908,user908@test.com,password123,user
User909,user909@test.com,password123,user
User910,user910@test.com,password123,user
User911,user911@test.com,password123,user
User912,user912@test.com,password123,user
User913,user913@test.com,password123,user
User914,user914@test.com,password123,user
User915,user915@test.com,password123,user
User916,user916@test.com,password123,user
User917,user917@test.com,password123,user
User918,user918@test.com,password123,user
User919,user919@test.com,password123,user
User920,user920@test.com,password123,user
User921,user921@test.com,password123,user
User922,user922@test.com,password123,user
User923,user923@test.com,password123,user
User924,user924@test.com,password123,user
User925,user925@test.com,password123,user
User926,user926@test.com,password123,user
User927,user927@test.com,password123,user
User928,user928@test.com,password123,user
User929,user929@test.com,password123,user
User930,user930@test.com,password123,user
User931,user931@test.com,password123,user
User932,user932@test.com,password123,user
User933,user933@test.com,password123,user
User934,user934@test.com,password123,user
User935,user935@test.com,password123,user
User936,user936@test.com,password123,user
User937,user937@test.com,password123,user
User938,user938@test.com,password123,user
User939,user939@test.com,password123,user
User940,user940@test.com,password123,user
User941,user941@test.com,password123,user
User942,user942@test.com,password123,user
User943,user943@test.com,password123,user
User944,user944@test.com,password123,user
User945,user945@test.com,password123,user
User946,user946@test.com,password123,user
User947,user947@test.com,password123,user
User948,user948@test.com,password123,user
User949,user949@test.com,password123,user
User950,user950@test.com,password123,user
User951,user951@test.com,password123,user
User952,user952@test.com,password123,user
User953,user953@test.com,password123,user
User954,user954@test.com,password123,user
User955,user955@test.com,password123,user
User956,user956@test.com,password123,user
User957,user957@test.com,password123,user
User958,user958@test.com,password123,user
User959,user959@test.com,password123,user
User960,user960@test.com,password123,user
User961,user961@test.com,password123,user
User962,user962@test.com,password123,user
User963,user963@test.com,password123,user
User964,user964@test.com,password123,user
User965,user965@test.com,password123,user
User966,user966@test.com,password123,user
User967,user967@test.com,password123,user
User968,user968@test.com,password123,user
User969,user969@test.com,password123,user
User970,user970@test.com,password123,user
User971,user971@test.com,password123,user
User972,user972@test.com,password123,user
User973,user973@test.com,password123,user
User974,user974@test.com,password123,user
User975,user975@test.com,password123,user
User976,user976@test.com,password123,user
User977,user977@test.com,password123,user
User978,user978@test.com,password123,user
User979,user979@test.com,password123,user
User980,user980@test.com,password123,user
User981,user981@test.com,password123,user
User982,user982@test.com,password123,user
User983,user983@test.com,password123,user
User984,user984@test.com,password123,user
User985,user985@test.com,password123,user
User986,user986@test.com,password123,user
User987,user987@test.com,password123,user
User988,user988@test.com,password123,user
User989,user989@test.com,password123,user
User990,user990@test.com,password123,user
User991,user991@test.com,password123,user
User992,user992@test.com,password123,user
User993,user993@test.com,password123,user
User994,user994@test.com,password123,user
User995,user995@test.com,password123,user
User996,user996@test.com,password123,user
User997,user997@test.com,password123,user
User998,user998@test.com,password123,user
User999,user999@test.com,password123,user
User1000,user1000@test.com,password123,user
